ID_usuario,Data_conta,Consumo_mensal_kWh,Variação_do_consumo,Média_consumo,Consumo_total_acumulado,Categoria,Num_moradores,Renda,Localização,Mês,Consumo_Anterior,Variação_do_consumo_prevista
1,2023-01-01,300,24,300.0,300,Apartamento,3,7000,RS,1,276,Aumento
1,2023-01-31,311,11,305.5,611,Apartamento,3,7000,RS,2,300,Aumento
1,2023-03-02,306,-5,305.67,917,Apartamento,3,7000,RS,3,311,Diminuição
1,2023-04-01,317,11,308.5,1234,Apartamento,3,7000,RS,4,306,Aumento
1,2023-05-01,323,6,311.4,1557,Apartamento,3,7000,RS,5,317,Aumento
2,2023-01-01,362,22,362.0,362,Casa,5,7000,MG,1,340,Aumento
2,2023-01-31,400,38,381.0,762,Casa,5,7000,MG,2,362,Aumento
2,2023-03-02,429,29,397.0,1191,Casa,5,7000,MG,3,400,Aumento
2,2023-04-01,472,43,415.75,1663,Casa,5,7000,MG,4,429,Aumento
2,2023-05-01,501,29,432.8,2164,Casa,5,7000,MG,5,472,Aumento
3,2023-01-01,318,14,318.0,318,Apartamento,2,7000,RS,1,304,Aumento
3,2023-01-31,335,17,326.5,653,Apartamento,2,7000,RS,2,318,Aumento
3,2023-03-02,335,0,329.33,988,Apartamento,2,7000,RS,3,335,Diminuição
3,2023-04-01,349,14,334.25,1337,Apartamento,2,7000,RS,4,335,Aumento
3,2023-05-01,365,16,340.4,1702,Apartamento,2,7000,RS,5,349,Aumento
4,2023-01-01,441,46,441.0,441,Casa,5,2000,RS,1,395,Aumento
4,2023-01-31,458,17,449.5,899,Casa,5,2000,RS,2,441,Aumento
4,2023-03-02,480,22,459.67,1379,Casa,5,2000,RS,3,458,Aumento
4,2023-04-01,521,41,475.0,1900,Casa,5,2000,RS,4,480,Aumento
4,2023-05-01,551,30,490.2,2451,Casa,5,2000,RS,5,521,Aumento
5,2023-01-01,528,20,528.0,528,Comércio,5,3000,RJ,1,508,Aumento
5,2023-01-31,563,35,545.5,1091,Comércio,5,3000,RJ,2,528,Aumento
5,2023-03-02,608,45,566.33,1699,Comércio,5,3000,RJ,3,563,Aumento
5,2023-04-01,637,29,584.0,2336,Comércio,5,3000,RJ,4,608,Aumento
5,2023-05-01,662,25,599.6,2998,Comércio,5,3000,RJ,5,637,Aumento
6,2023-01-01,354,17,354.0,354,Apartamento,3,2000,RJ,1,337,Aumento
6,2023-01-31,365,11,359.5,719,Apartamento,3,2000,RJ,2,354,Aumento
6,2023-03-02,380,15,366.33,1099,Apartamento,3,2000,RJ,3,365,Aumento
6,2023-04-01,388,8,371.75,1487,Apartamento,3,2000,RJ,4,380,Aumento
6,2023-05-01,395,7,376.4,1882,Apartamento,3,2000,RJ,5,388,Aumento
7,2023-01-01,503,25,503.0,503,Casa,4,5000,RS,1,478,Aumento
7,2023-01-31,546,43,524.5,1049,Casa,4,5000,RS,2,503,Aumento
7,2023-03-02,583,37,544.0,1632,Casa,4,5000,RS,3,546,Aumento
7,2023-04-01,632,49,566.0,2264,Casa,4,5000,RS,4,583,Aumento
7,2023-05-01,656,24,584.0,2920,Casa,4,5000,RS,5,632,Aumento
8,2023-01-01,500,32,500.0,500,Comércio,5,4000,PR,1,468,Aumento
8,2023-01-31,508,8,504.0,1008,Comércio,5,4000,PR,2,500,Aumento
8,2023-03-02,531,23,513.0,1539,Comércio,5,4000,PR,3,508,Aumento
8,2023-04-01,563,32,525.5,2102,Comércio,5,4000,PR,4,531,Aumento
8,2023-05-01,568,5,534.0,2670,Comércio,5,4000,PR,5,563,Aumento
9,2023-01-01,367,40,367.0,367,Apartamento,4,4000,RJ,1,327,Aumento
9,2023-01-31,378,11,372.5,745,Apartamento,4,4000,RJ,2,367,Aumento
9,2023-03-02,399,21,381.33,1144,Apartamento,4,4000,RJ,3,378,Aumento
9,2023-04-01,434,35,394.5,1578,Apartamento,4,4000,RJ,4,399,Aumento
9,2023-05-01,472,38,410.0,2050,Apartamento,4,4000,RJ,5,434,Aumento
10,2023-01-01,435,17,435.0,435,Casa,5,3000,PR,1,418,Aumento
10,2023-01-31,489,54,462.0,924,Casa,5,3000,PR,2,435,Aumento
10,2023-03-02,527,38,483.67,1451,Casa,5,3000,PR,3,489,Aumento
10,2023-04-01,566,39,504.25,2017,Casa,5,3000,PR,4,527,Aumento
10,2023-05-01,620,54,527.4,2637,Casa,5,3000,PR,5,566,Aumento
11,2023-01-01,458,36,458.0,458,Comércio,3,6000,MG,1,422,Aumento
11,2023-01-31,497,39,477.5,955,Comércio,3,6000,MG,2,458,Aumento
11,2023-03-02,509,12,488.0,1464,Comércio,3,6000,MG,3,497,Aumento
11,2023-04-01,520,11,496.0,1984,Comércio,3,6000,MG,4,509,Aumento
11,2023-05-01,557,37,508.2,2541,Comércio,3,6000,MG,5,520,Aumento
12,2023-01-01,352,15,352.0,352,Apartamento,2,3000,RS,1,337,Aumento
12,2023-01-31,367,15,359.5,719,Apartamento,2,3000,RS,2,352,Aumento
12,2023-03-02,379,12,366.0,1098,Apartamento,2,3000,RS,3,367,Aumento
12,2023-04-01,381,2,369.75,1479,Apartamento,2,3000,RS,4,379,Aumento
12,2023-05-01,371,-10,370.0,1850,Apartamento,2,3000,RS,5,381,Diminuição
13,2023-01-01,441,10,441.0,441,Comércio,1,5000,MG,1,431,Aumento
13,2023-01-31,451,10,446.0,892,Comércio,1,5000,MG,2,441,Aumento
13,2023-03-02,473,22,455.0,1365,Comércio,1,5000,MG,3,451,Aumento
13,2023-04-01,477,4,460.5,1842,Comércio,1,5000,MG,4,473,Aumento
13,2023-05-01,493,16,467.0,2335,Comércio,1,5000,MG,5,477,Aumento
14,2023-01-01,237,25,237.0,237,Apartamento,3,3000,RJ,1,212,Aumento
14,2023-01-31,254,17,245.5,491,Apartamento,3,3000,RJ,2,237,Aumento
14,2023-03-02,269,15,253.33,760,Apartamento,3,3000,RJ,3,254,Aumento
14,2023-04-01,277,8,259.25,1037,Apartamento,3,3000,RJ,4,269,Aumento
14,2023-05-01,298,21,267.0,1335,Apartamento,3,3000,RJ,5,277,Aumento
15,2023-01-01,537,21,537.0,537,Comércio,5,4000,RJ,1,516,Aumento
15,2023-01-31,558,21,547.5,1095,Comércio,5,4000,RJ,2,537,Aumento
15,2023-03-02,599,41,564.67,1694,Comércio,5,4000,RJ,3,558,Aumento
15,2023-04-01,621,22,578.75,2315,Comércio,5,4000,RJ,4,599,Aumento
15,2023-05-01,644,23,591.8,2959,Comércio,5,4000,RJ,5,621,Aumento
16,2023-01-01,495,16,495.0,495,Casa,2,2000,RS,1,479,Aumento
16,2023-01-31,528,33,511.5,1023,Casa,2,2000,RS,2,495,Aumento
16,2023-03-02,544,16,522.33,1567,Casa,2,2000,RS,3,528,Aumento
16,2023-04-01,578,34,536.25,2145,Casa,2,2000,RS,4,544,Aumento
16,2023-05-01,610,32,551.0,2755,Casa,2,2000,RS,5,578,Aumento
17,2023-01-01,320,19,320.0,320,Apartamento,2,7000,PR,1,301,Aumento
17,2023-01-31,316,-4,318.0,636,Apartamento,2,7000,PR,2,320,Diminuição
17,2023-03-02,309,-7,315.0,945,Apartamento,2,7000,PR,3,316,Diminuição
17,2023-04-01,316,7,315.25,1261,Apartamento,2,7000,PR,4,309,Aumento
17,2023-05-01,310,-6,314.2,1571,Apartamento,2,7000,PR,5,316,Diminuição
18,2023-01-01,402,10,402.0,402,Casa,2,4000,SP,1,392,Aumento
18,2023-01-31,436,34,419.0,838,Casa,2,4000,SP,2,402,Aumento
18,2023-03-02,464,28,434.0,1302,Casa,2,4000,SP,3,436,Aumento
18,2023-04-01,469,5,442.75,1771,Casa,2,4000,SP,4,464,Aumento
18,2023-05-01,502,33,454.6,2273,Casa,2,4000,SP,5,469,Aumento
19,2023-01-01,461,-2,461.0,461,Comércio,3,5000,PR,1,463,Diminuição
19,2023-01-31,475,14,468.0,936,Comércio,3,5000,PR,2,461,Aumento
19,2023-03-02,493,18,476.33,1429,Comércio,3,5000,PR,3,475,Aumento
19,2023-04-01,514,21,485.75,1943,Comércio,3,5000,PR,4,493,Aumento
19,2023-05-01,510,-4,490.6,2453,Comércio,3,5000,PR,5,514,Diminuição
20,2023-01-01,442,2,442.0,442,Comércio,3,7000,PR,1,440,Aumento
20,2023-01-31,441,-1,441.5,883,Comércio,3,7000,PR,2,442,Diminuição
20,2023-03-02,465,24,449.33,1348,Comércio,3,7000,PR,3,441,Aumento
20,2023-04-01,483,18,457.75,1831,Comércio,3,7000,PR,4,465,Aumento
20,2023-05-01,490,7,464.2,2321,Comércio,3,7000,PR,5,483,Aumento
21,2023-01-01,513,19,513.0,513,Casa,3,5000,RS,1,494,Aumento
21,2023-01-31,529,16,521.0,1042,Casa,3,5000,RS,2,513,Aumento
21,2023-03-02,541,12,527.67,1583,Casa,3,5000,RS,3,529,Aumento
21,2023-04-01,553,12,534.0,2136,Casa,3,5000,RS,4,541,Aumento
21,2023-05-01,595,42,546.2,2731,Casa,3,5000,RS,5,553,Aumento
22,2023-01-01,511,30,511.0,511,Casa,3,5000,SP,1,481,Aumento
22,2023-01-31,541,30,526.0,1052,Casa,3,5000,SP,2,511,Aumento
22,2023-03-02,555,14,535.67,1607,Casa,3,5000,SP,3,541,Aumento
22,2023-04-01,569,14,544.0,2176,Casa,3,5000,SP,4,555,Aumento
22,2023-05-01,587,18,552.6,2763,Casa,3,5000,SP,5,569,Aumento
23,2023-01-01,317,17,317.0,317,Casa,4,4000,PR,1,300,Aumento
23,2023-01-31,361,44,339.0,678,Casa,4,4000,PR,2,317,Aumento
23,2023-03-02,409,48,362.33,1087,Casa,4,4000,PR,3,361,Aumento
23,2023-04-01,447,38,383.5,1534,Casa,4,4000,PR,4,409,Aumento
23,2023-05-01,487,40,404.2,2021,Casa,4,4000,PR,5,447,Aumento
24,2023-01-01,472,6,472.0,472,Comércio,1,6000,SP,1,466,Aumento
24,2023-01-31,501,29,486.5,973,Comércio,1,6000,SP,2,472,Aumento
24,2023-03-02,517,16,496.67,1490,Comércio,1,6000,SP,3,501,Aumento
24,2023-04-01,535,18,506.25,2025,Comércio,1,6000,SP,4,517,Aumento
24,2023-05-01,551,16,515.2,2576,Comércio,1,6000,SP,5,535,Aumento
25,2023-01-01,363,33,363.0,363,Casa,1,5000,RJ,1,330,Aumento
25,2023-01-31,382,19,372.5,745,Casa,1,5000,RJ,2,363,Aumento
25,2023-03-02,417,35,387.33,1162,Casa,1,5000,RJ,3,382,Aumento
25,2023-04-01,441,24,400.75,1603,Casa,1,5000,RJ,4,417,Aumento
25,2023-05-01,478,37,416.2,2081,Casa,1,5000,RJ,5,441,Aumento
26,2023-01-01,556,11,556.0,556,Comércio,1,7000,BA,1,545,Aumento
26,2023-01-31,575,19,565.5,1131,Comércio,1,7000,BA,2,556,Aumento
26,2023-03-02,571,-4,567.33,1702,Comércio,1,7000,BA,3,575,Diminuição
26,2023-04-01,570,-1,568.0,2272,Comércio,1,7000,BA,4,571,Diminuição
26,2023-05-01,590,20,572.4,2862,Comércio,1,7000,BA,5,570,Aumento
27,2023-01-01,326,14,326.0,326,Apartamento,2,5000,RS,1,312,Aumento
27,2023-01-31,335,9,330.5,661,Apartamento,2,5000,RS,2,326,Aumento
27,2023-03-02,346,11,335.67,1007,Apartamento,2,5000,RS,3,335,Aumento
27,2023-04-01,361,15,342.0,1368,Apartamento,2,5000,RS,4,346,Aumento
27,2023-05-01,365,4,346.6,1733,Apartamento,2,5000,RS,5,361,Aumento
28,2023-01-01,381,19,381.0,381,Casa,3,7000,MG,1,362,Aumento
28,2023-01-31,421,40,401.0,802,Casa,3,7000,MG,2,381,Aumento
28,2023-03-02,445,24,415.67,1247,Casa,3,7000,MG,3,421,Aumento
28,2023-04-01,457,12,426.0,1704,Casa,3,7000,MG,4,445,Aumento
28,2023-05-01,483,26,437.4,2187,Casa,3,7000,MG,5,457,Aumento
29,2023-01-01,287,18,287.0,287,Apartamento,2,6000,MG,1,269,Aumento
29,2023-01-31,318,31,302.5,605,Apartamento,2,6000,MG,2,287,Aumento
29,2023-03-02,327,9,310.67,932,Apartamento,2,6000,MG,3,318,Aumento
29,2023-04-01,347,20,319.75,1279,Apartamento,2,6000,MG,4,327,Aumento
29,2023-05-01,368,21,329.4,1647,Apartamento,2,6000,MG,5,347,Aumento
30,2023-01-01,522,16,522.0,522,Comércio,4,5000,PR,1,506,Aumento
30,2023-01-31,538,16,530.0,1060,Comércio,4,5000,PR,2,522,Aumento
30,2023-03-02,543,5,534.33,1603,Comércio,4,5000,PR,3,538,Aumento
30,2023-04-01,561,18,541.0,2164,Comércio,4,5000,PR,4,543,Aumento
30,2023-05-01,578,17,548.4,2742,Comércio,4,5000,PR,5,561,Aumento
31,2023-01-01,499,22,499.0,499,Casa,3,3000,PR,1,477,Aumento
31,2023-01-31,513,14,506.0,1012,Casa,3,3000,PR,2,499,Aumento
31,2023-03-02,553,40,521.67,1565,Casa,3,3000,PR,3,513,Aumento
31,2023-04-01,564,11,532.25,2129,Casa,3,3000,PR,4,553,Aumento
31,2023-05-01,607,43,547.2,2736,Casa,3,3000,PR,5,564,Aumento
32,2023-01-01,397,31,397.0,397,Casa,2,7000,SP,1,366,Aumento
32,2023-01-31,406,9,401.5,803,Casa,2,7000,SP,2,397,Aumento
32,2023-03-02,432,26,411.67,1235,Casa,2,7000,SP,3,406,Aumento
32,2023-04-01,463,31,424.5,1698,Casa,2,7000,SP,4,432,Aumento
32,2023-05-01,471,8,433.8,2169,Casa,2,7000,SP,5,463,Aumento
33,2023-01-01,379,28,379.0,379,Casa,1,6000,PR,1,351,Aumento
33,2023-01-31,376,-3,377.5,755,Casa,1,6000,PR,2,379,Diminuição
33,2023-03-02,373,-3,376.0,1128,Casa,1,6000,PR,3,376,Diminuição
33,2023-04-01,374,1,375.5,1502,Casa,1,6000,PR,4,373,Aumento
33,2023-05-01,372,-2,374.8,1874,Casa,1,6000,PR,5,374,Diminuição
34,2023-01-01,363,-3,363.0,363,Casa,1,4000,RS,1,366,Diminuição
34,2023-01-31,388,25,375.5,751,Casa,1,4000,RS,2,363,Aumento
34,2023-03-02,395,7,382.0,1146,Casa,1,4000,RS,3,388,Aumento
34,2023-04-01,418,23,391.0,1564,Casa,1,4000,RS,4,395,Aumento
34,2023-05-01,414,-4,395.6,1978,Casa,1,4000,RS,5,418,Diminuição
35,2023-01-01,623,28,623.0,623,Comércio,3,5000,BA,1,595,Aumento
35,2023-01-31,630,7,626.5,1253,Comércio,3,5000,BA,2,623,Aumento
35,2023-03-02,650,20,634.33,1903,Comércio,3,5000,BA,3,630,Aumento
35,2023-04-01,663,13,641.5,2566,Comércio,3,5000,BA,4,650,Aumento
35,2023-05-01,669,6,647.0,3235,Comércio,3,5000,BA,5,663,Aumento
36,2023-01-01,278,8,278.0,278,Apartamento,3,3000,PR,1,270,Aumento
36,2023-01-31,292,14,285.0,570,Apartamento,3,3000,PR,2,278,Aumento
36,2023-03-02,308,16,292.67,878,Apartamento,3,3000,PR,3,292,Aumento
36,2023-04-01,329,21,301.75,1207,Apartamento,3,3000,PR,4,308,Aumento
36,2023-05-01,348,19,311.0,1555,Apartamento,3,3000,PR,5,329,Aumento
37,2023-01-01,304,11,304.0,304,Apartamento,3,2000,BA,1,293,Aumento
37,2023-01-31,326,22,315.0,630,Apartamento,3,2000,BA,2,304,Aumento
37,2023-03-02,354,28,328.0,984,Apartamento,3,2000,BA,3,326,Aumento
37,2023-04-01,362,8,336.5,1346,Apartamento,3,2000,BA,4,354,Aumento
37,2023-05-01,382,20,345.6,1728,Apartamento,3,2000,BA,5,362,Aumento
38,2023-01-01,474,3,474.0,474,Casa,2,4000,RS,1,471,Aumento
38,2023-01-31,512,38,493.0,986,Casa,2,4000,RS,2,474,Aumento
38,2023-03-02,535,23,507.0,1521,Casa,2,4000,RS,3,512,Aumento
38,2023-04-01,572,37,523.25,2093,Casa,2,4000,RS,4,535,Aumento
38,2023-05-01,588,16,536.2,2681,Casa,2,4000,RS,5,572,Aumento
39,2023-01-01,487,34,487.0,487,Casa,4,6000,MG,1,453,Aumento
39,2023-01-31,527,40,507.0,1014,Casa,4,6000,MG,2,487,Aumento
39,2023-03-02,560,33,524.67,1574,Casa,4,6000,MG,3,527,Aumento
39,2023-04-01,581,21,538.75,2155,Casa,4,6000,MG,4,560,Aumento
39,2023-05-01,615,34,554.0,2770,Casa,4,6000,MG,5,581,Aumento
40,2023-01-01,249,9,249.0,249,Apartamento,2,3000,SP,1,240,Aumento
40,2023-01-31,260,11,254.5,509,Apartamento,2,3000,SP,2,249,Aumento
40,2023-03-02,274,14,261.0,783,Apartamento,2,3000,SP,3,260,Aumento
40,2023-04-01,292,18,268.75,1075,Apartamento,2,3000,SP,4,274,Aumento
40,2023-05-01,303,11,275.6,1378,Apartamento,2,3000,SP,5,292,Aumento
41,2023-01-01,372,43,372.0,372,Apartamento,4,6000,SP,1,329,Aumento
41,2023-01-31,407,35,389.5,779,Apartamento,4,6000,SP,2,372,Aumento
41,2023-03-02,443,36,407.33,1222,Apartamento,4,6000,SP,3,407,Aumento
41,2023-04-01,472,29,423.5,1694,Apartamento,4,6000,SP,4,443,Aumento
41,2023-05-01,495,23,437.8,2189,Apartamento,4,6000,SP,5,472,Aumento
42,2023-01-01,392,53,392.0,392,Casa,3,3000,BA,1,339,Aumento
42,2023-01-31,435,43,413.5,827,Casa,3,3000,BA,2,392,Aumento
42,2023-03-02,482,47,436.33,1309,Casa,3,3000,BA,3,435,Aumento
42,2023-04-01,537,55,461.5,1846,Casa,3,3000,BA,4,482,Aumento
42,2023-05-01,592,55,487.6,2438,Casa,3,3000,BA,5,537,Aumento
43,2023-01-01,440,25,440.0,440,Comércio,1,4000,RJ,1,415,Aumento
43,2023-01-31,463,23,451.5,903,Comércio,1,4000,RJ,2,440,Aumento
43,2023-03-02,469,6,457.33,1372,Comércio,1,4000,RJ,3,463,Aumento
43,2023-04-01,492,23,466.0,1864,Comércio,1,4000,RJ,4,469,Aumento
43,2023-05-01,498,6,472.4,2362,Comércio,1,4000,RJ,5,492,Aumento
44,2023-01-01,369,37,369.0,369,Apartamento,5,4000,MG,1,332,Aumento
44,2023-01-31,390,21,379.5,759,Apartamento,5,4000,MG,2,369,Aumento
44,2023-03-02,420,30,393.0,1179,Apartamento,5,4000,MG,3,390,Aumento
44,2023-04-01,467,47,411.5,1646,Apartamento,5,4000,MG,4,420,Aumento
44,2023-05-01,492,25,427.6,2138,Apartamento,5,4000,MG,5,467,Aumento
45,2023-01-01,436,45,436.0,436,Casa,5,3000,RJ,1,391,Aumento
45,2023-01-31,488,52,462.0,924,Casa,5,3000,RJ,2,436,Aumento
45,2023-03-02,538,50,487.33,1462,Casa,5,3000,RJ,3,488,Aumento
45,2023-04-01,579,41,510.25,2041,Casa,5,3000,RJ,4,538,Aumento
45,2023-05-01,638,59,535.8,2679,Casa,5,3000,RJ,5,579,Aumento
46,2023-01-01,536,36,536.0,536,Casa,1,5000,BA,1,500,Aumento
46,2023-01-31,558,22,547.0,1094,Casa,1,5000,BA,2,536,Aumento
46,2023-03-02,600,42,564.67,1694,Casa,1,5000,BA,3,558,Aumento
46,2023-04-01,618,18,578.0,2312,Casa,1,5000,BA,4,600,Aumento
46,2023-05-01,640,22,590.4,2952,Casa,1,5000,BA,5,618,Aumento
47,2023-01-01,375,33,375.0,375,Apartamento,5,6000,RS,1,342,Aumento
47,2023-01-31,409,34,392.0,784,Apartamento,5,6000,RS,2,375,Aumento
47,2023-03-02,441,32,408.33,1225,Apartamento,5,6000,RS,3,409,Aumento
47,2023-04-01,465,24,422.5,1690,Apartamento,5,6000,RS,4,441,Aumento
47,2023-05-01,470,5,432.0,2160,Apartamento,5,6000,RS,5,465,Aumento
48,2023-01-01,296,-5,296.0,296,Apartamento,2,4000,RS,1,301,Diminuição
48,2023-01-31,292,-4,294.0,588,Apartamento,2,4000,RS,2,296,Diminuição
48,2023-03-02,301,9,296.33,889,Apartamento,2,4000,RS,3,292,Aumento
48,2023-04-01,291,-10,295.0,1180,Apartamento,2,4000,RS,4,301,Diminuição
48,2023-05-01,296,5,295.2,1476,Apartamento,2,4000,RS,5,291,Aumento
49,2023-01-01,225,12,225.0,225,Apartamento,4,3000,BA,1,213,Aumento
49,2023-01-31,243,18,234.0,468,Apartamento,4,3000,BA,2,225,Aumento
49,2023-03-02,258,15,242.0,726,Apartamento,4,3000,BA,3,243,Aumento
49,2023-04-01,275,17,250.25,1001,Apartamento,4,3000,BA,4,258,Aumento
49,2023-05-01,299,24,260.0,1300,Apartamento,4,3000,BA,5,275,Aumento
50,2023-01-01,487,17,487.0,487,Comércio,3,3000,BA,1,470,Aumento
50,2023-01-31,505,18,496.0,992,Comércio,3,3000,BA,2,487,Aumento
50,2023-03-02,539,34,510.33,1531,Comércio,3,3000,BA,3,505,Aumento
50,2023-04-01,562,23,523.25,2093,Comércio,3,3000,BA,4,539,Aumento
50,2023-05-01,567,5,532.0,2660,Comércio,3,3000,BA,5,562,Aumento
51,2023-01-01,476,11,476.0,476,Comércio,2,3000,RJ,1,465,Aumento
51,2023-01-31,494,18,485.0,970,Comércio,2,3000,RJ,2,476,Aumento
51,2023-03-02,501,7,490.33,1471,Comércio,2,3000,RJ,3,494,Aumento
51,2023-04-01,524,23,498.75,1995,Comércio,2,3000,RJ,4,501,Aumento
51,2023-05-01,545,21,508.0,2540,Comércio,2,3000,RJ,5,524,Aumento
52,2023-01-01,515,8,515.0,515,Comércio,5,4000,PR,1,507,Aumento
52,2023-01-31,534,19,524.5,1049,Comércio,5,4000,PR,2,515,Aumento
52,2023-03-02,552,18,533.67,1601,Comércio,5,4000,PR,3,534,Aumento
52,2023-04-01,583,31,546.0,2184,Comércio,5,4000,PR,4,552,Aumento
52,2023-05-01,595,12,555.8,2779,Comércio,5,4000,PR,5,583,Aumento
53,2023-01-01,510,25,510.0,510,Casa,1,4000,SP,1,485,Aumento
53,2023-01-31,517,7,513.5,1027,Casa,1,4000,SP,2,510,Aumento
53,2023-03-02,524,7,517.0,1551,Casa,1,4000,SP,3,517,Aumento
53,2023-04-01,535,11,521.5,2086,Casa,1,4000,SP,4,524,Aumento
53,2023-05-01,540,5,525.2,2626,Casa,1,4000,SP,5,535,Aumento
54,2023-01-01,371,33,371.0,371,Casa,5,7000,MG,1,338,Aumento
54,2023-01-31,409,38,390.0,780,Casa,5,7000,MG,2,371,Aumento
54,2023-03-02,433,24,404.33,1213,Casa,5,7000,MG,3,409,Aumento
54,2023-04-01,467,34,420.0,1680,Casa,5,7000,MG,4,433,Aumento
54,2023-05-01,487,20,433.4,2167,Casa,5,7000,MG,5,467,Aumento
55,2023-01-01,472,32,472.0,472,Casa,4,4000,SP,1,440,Aumento
55,2023-01-31,512,40,492.0,984,Casa,4,4000,SP,2,472,Aumento
55,2023-03-02,538,26,507.33,1522,Casa,4,4000,SP,3,512,Aumento
55,2023-04-01,566,28,522.0,2088,Casa,4,4000,SP,4,538,Aumento
55,2023-05-01,581,15,533.8,2669,Casa,4,4000,SP,5,566,Aumento
56,2023-01-01,255,37,255.0,255,Apartamento,5,7000,SP,1,218,Aumento
56,2023-01-31,294,39,274.5,549,Apartamento,5,7000,SP,2,255,Aumento
56,2023-03-02,320,26,289.67,869,Apartamento,5,7000,SP,3,294,Aumento
56,2023-04-01,345,25,303.5,1214,Apartamento,5,7000,SP,4,320,Aumento
56,2023-05-01,372,27,317.2,1586,Apartamento,5,7000,SP,5,345,Aumento
57,2023-01-01,534,32,534.0,534,Comércio,5,6000,RJ,1,502,Aumento
57,2023-01-31,564,30,549.0,1098,Comércio,5,6000,RJ,2,534,Aumento
57,2023-03-02,606,42,568.0,1704,Comércio,5,6000,RJ,3,564,Aumento
57,2023-04-01,637,31,585.25,2341,Comércio,5,6000,RJ,4,606,Aumento
57,2023-05-01,679,42,604.0,3020,Comércio,5,6000,RJ,5,637,Aumento
58,2023-01-01,405,29,405.0,405,Casa,2,7000,MG,1,376,Aumento
58,2023-01-31,428,23,416.5,833,Casa,2,7000,MG,2,405,Aumento
58,2023-03-02,445,17,426.0,1278,Casa,2,7000,MG,3,428,Aumento
58,2023-04-01,471,26,437.25,1749,Casa,2,7000,MG,4,445,Aumento
58,2023-05-01,478,7,445.4,2227,Casa,2,7000,MG,5,471,Aumento
59,2023-01-01,389,36,389.0,389,Casa,5,2000,BA,1,353,Aumento
59,2023-01-31,452,63,420.5,841,Casa,5,2000,BA,2,389,Aumento
59,2023-03-02,502,50,447.67,1343,Casa,5,2000,BA,3,452,Aumento
59,2023-04-01,549,47,473.0,1892,Casa,5,2000,BA,4,502,Aumento
59,2023-05-01,612,63,500.8,2504,Casa,5,2000,BA,5,549,Aumento
60,2023-01-01,460,6,460.0,460,Casa,2,3000,RS,1,454,Aumento
60,2023-01-31,489,29,474.5,949,Casa,2,3000,RS,2,460,Aumento
60,2023-03-02,522,33,490.33,1471,Casa,2,3000,RS,3,489,Aumento
60,2023-04-01,532,10,500.75,2003,Casa,2,3000,RS,4,522,Aumento
60,2023-05-01,557,25,512.0,2560,Casa,2,3000,RS,5,532,Aumento
61,2023-01-01,457,32,457.0,457,Comércio,2,7000,MG,1,425,Aumento
61,2023-01-31,492,35,474.5,949,Comércio,2,7000,MG,2,457,Aumento
61,2023-03-02,512,20,487.0,1461,Comércio,2,7000,MG,3,492,Aumento
61,2023-04-01,538,26,499.75,1999,Comércio,2,7000,MG,4,512,Aumento
61,2023-05-01,571,33,514.0,2570,Comércio,2,7000,MG,5,538,Aumento
62,2023-01-01,466,36,466.0,466,Comércio,3,3000,SP,1,430,Aumento
62,2023-01-31,487,21,476.5,953,Comércio,3,3000,SP,2,466,Aumento
62,2023-03-02,501,14,484.67,1454,Comércio,3,3000,SP,3,487,Aumento
62,2023-04-01,511,10,491.25,1965,Comércio,3,3000,SP,4,501,Aumento
62,2023-05-01,536,25,500.2,2501,Comércio,3,3000,SP,5,511,Aumento
63,2023-01-01,484,36,484.0,484,Comércio,4,3000,RJ,1,448,Aumento
63,2023-01-31,510,26,497.0,994,Comércio,4,3000,RJ,2,484,Aumento
63,2023-03-02,521,11,505.0,1515,Comércio,4,3000,RJ,3,510,Aumento
63,2023-04-01,546,25,515.25,2061,Comércio,4,3000,RJ,4,521,Aumento
63,2023-05-01,568,22,525.8,2629,Comércio,4,3000,RJ,5,546,Aumento
64,2023-01-01,531,23,531.0,531,Comércio,2,2000,SP,1,508,Aumento
64,2023-01-31,551,20,541.0,1082,Comércio,2,2000,SP,2,531,Aumento
64,2023-03-02,582,31,554.67,1664,Comércio,2,2000,SP,3,551,Aumento
64,2023-04-01,612,30,569.0,2276,Comércio,2,2000,SP,4,582,Aumento
64,2023-05-01,629,17,581.0,2905,Comércio,2,2000,SP,5,612,Aumento
65,2023-01-01,437,15,437.0,437,Casa,2,3000,MG,1,422,Aumento
65,2023-01-31,462,25,449.5,899,Casa,2,3000,MG,2,437,Aumento
65,2023-03-02,473,11,457.33,1372,Casa,2,3000,MG,3,462,Aumento
65,2023-04-01,481,8,463.25,1853,Casa,2,3000,MG,4,473,Aumento
65,2023-05-01,497,16,470.0,2350,Casa,2,3000,MG,5,481,Aumento
66,2023-01-01,336,32,336.0,336,Casa,3,6000,MG,1,304,Aumento
66,2023-01-31,366,30,351.0,702,Casa,3,6000,MG,2,336,Aumento
66,2023-03-02,382,16,361.33,1084,Casa,3,6000,MG,3,366,Aumento
66,2023-04-01,402,20,371.5,1486,Casa,3,6000,MG,4,382,Aumento
66,2023-05-01,437,35,384.6,1923,Casa,3,6000,MG,5,402,Aumento
67,2023-01-01,244,32,244.0,244,Apartamento,3,7000,RJ,1,212,Aumento
67,2023-01-31,265,21,254.5,509,Apartamento,3,7000,RJ,2,244,Aumento
67,2023-03-02,278,13,262.33,787,Apartamento,3,7000,RJ,3,265,Aumento
67,2023-04-01,283,5,267.5,1070,Apartamento,3,7000,RJ,4,278,Aumento
67,2023-05-01,315,32,277.0,1385,Apartamento,3,7000,RJ,5,283,Aumento
68,2023-01-01,224,-1,224.0,224,Apartamento,3,4000,RS,1,225,Diminuição
68,2023-01-31,220,-4,222.0,444,Apartamento,3,4000,RS,2,224,Diminuição
68,2023-03-02,222,2,222.0,666,Apartamento,3,4000,RS,3,220,Aumento
68,2023-04-01,217,-5,220.75,883,Apartamento,3,4000,RS,4,222,Diminuição
68,2023-05-01,218,1,220.2,1101,Apartamento,3,4000,RS,5,217,Aumento
69,2023-01-01,477,41,477.0,477,Casa,4,4000,PR,1,436,Aumento
69,2023-01-31,511,34,494.0,988,Casa,4,4000,PR,2,477,Aumento
69,2023-03-02,538,27,508.67,1526,Casa,4,4000,PR,3,511,Aumento
69,2023-04-01,576,38,525.5,2102,Casa,4,4000,PR,4,538,Aumento
69,2023-05-01,611,35,542.6,2713,Casa,4,4000,PR,5,576,Aumento
70,2023-01-01,299,-2,299.0,299,Apartamento,2,6000,RS,1,301,Diminuição
70,2023-01-31,305,6,302.0,604,Apartamento,2,6000,RS,2,299,Aumento
70,2023-03-02,323,18,309.0,927,Apartamento,2,6000,RS,3,305,Aumento
70,2023-04-01,316,-7,310.75,1243,Apartamento,2,6000,RS,4,323,Diminuição
70,2023-05-01,331,15,314.8,1574,Apartamento,2,6000,RS,5,316,Aumento
71,2023-01-01,308,39,308.0,308,Apartamento,4,5000,SP,1,269,Aumento
71,2023-01-31,341,33,324.5,649,Apartamento,4,5000,SP,2,308,Aumento
71,2023-03-02,370,29,339.67,1019,Apartamento,4,5000,SP,3,341,Aumento
71,2023-04-01,406,36,356.25,1425,Apartamento,4,5000,SP,4,370,Aumento
71,2023-05-01,430,24,371.0,1855,Apartamento,4,5000,SP,5,406,Aumento
72,2023-01-01,553,24,553.0,553,Comércio,4,4000,MG,1,529,Aumento
72,2023-01-31,570,17,561.5,1123,Comércio,4,4000,MG,2,553,Aumento
72,2023-03-02,608,38,577.0,1731,Comércio,4,4000,MG,3,570,Aumento
72,2023-04-01,638,30,592.25,2369,Comércio,4,4000,MG,4,608,Aumento
72,2023-05-01,662,24,606.2,3031,Comércio,4,4000,MG,5,638,Aumento
73,2023-01-01,499,43,499.0,499,Casa,1,5000,RJ,1,456,Aumento
73,2023-01-31,543,44,521.0,1042,Casa,1,5000,RJ,2,499,Aumento
73,2023-03-02,574,31,538.67,1616,Casa,1,5000,RJ,3,543,Aumento
73,2023-04-01,607,33,555.75,2223,Casa,1,5000,RJ,4,574,Aumento
73,2023-05-01,629,22,570.4,2852,Casa,1,5000,RJ,5,607,Aumento
74,2023-01-01,421,25,421.0,421,Casa,1,2000,SP,1,396,Aumento
74,2023-01-31,443,22,432.0,864,Casa,1,2000,SP,2,421,Aumento
74,2023-03-02,456,13,440.0,1320,Casa,1,2000,SP,3,443,Aumento
74,2023-04-01,484,28,451.0,1804,Casa,1,2000,SP,4,456,Aumento
74,2023-05-01,506,22,462.0,2310,Casa,1,2000,SP,5,484,Aumento
75,2023-01-01,399,19,399.0,399,Casa,2,2000,SP,1,380,Aumento
75,2023-01-31,429,30,414.0,828,Casa,2,2000,SP,2,399,Aumento
75,2023-03-02,449,20,425.67,1277,Casa,2,2000,SP,3,429,Aumento
75,2023-04-01,466,17,435.75,1743,Casa,2,2000,SP,4,449,Aumento
75,2023-05-01,488,22,446.2,2231,Casa,2,2000,SP,5,466,Aumento
76,2023-01-01,414,55,414.0,414,Casa,4,2000,RJ,1,359,Aumento
76,2023-01-31,445,31,429.5,859,Casa,4,2000,RJ,2,414,Aumento
76,2023-03-02,481,36,446.67,1340,Casa,4,2000,RJ,3,445,Aumento
76,2023-04-01,520,39,465.0,1860,Casa,4,2000,RJ,4,481,Aumento
76,2023-05-01,567,47,485.4,2427,Casa,4,2000,RJ,5,520,Aumento
77,2023-01-01,333,4,333.0,333,Apartamento,1,5000,MG,1,329,Aumento
77,2023-01-31,352,19,342.5,685,Apartamento,1,5000,MG,2,333,Aumento
77,2023-03-02,366,14,350.33,1051,Apartamento,1,5000,MG,3,352,Aumento
77,2023-04-01,387,21,359.5,1438,Apartamento,1,5000,MG,4,366,Aumento
77,2023-05-01,413,26,370.2,1851,Apartamento,1,5000,MG,5,387,Aumento
78,2023-01-01,430,27,430.0,430,Comércio,3,4000,BA,1,403,Aumento
78,2023-01-31,454,24,442.0,884,Comércio,3,4000,BA,2,430,Aumento
78,2023-03-02,477,23,453.67,1361,Comércio,3,4000,BA,3,454,Aumento
78,2023-04-01,493,16,463.5,1854,Comércio,3,4000,BA,4,477,Aumento
78,2023-05-01,512,19,473.2,2366,Comércio,3,4000,BA,5,493,Aumento
79,2023-01-01,241,13,241.0,241,Apartamento,1,3000,MG,1,228,Aumento
79,2023-01-31,263,22,252.0,504,Apartamento,1,3000,MG,2,241,Aumento
79,2023-03-02,284,21,262.67,788,Apartamento,1,3000,MG,3,263,Aumento
79,2023-04-01,290,6,269.5,1078,Apartamento,1,3000,MG,4,284,Aumento
79,2023-05-01,317,27,279.0,1395,Apartamento,1,3000,MG,5,290,Aumento
80,2023-01-01,346,22,346.0,346,Apartamento,1,7000,BA,1,324,Aumento
80,2023-01-31,370,24,358.0,716,Apartamento,1,7000,BA,2,346,Aumento
80,2023-03-02,385,15,367.0,1101,Apartamento,1,7000,BA,3,370,Aumento
80,2023-04-01,402,17,375.75,1503,Apartamento,1,7000,BA,4,385,Aumento
80,2023-05-01,419,17,384.4,1922,Apartamento,1,7000,BA,5,402,Aumento
81,2023-01-01,401,39,401.0,401,Casa,4,2000,SP,1,362,Aumento
81,2023-01-31,426,25,413.5,827,Casa,4,2000,SP,2,401,Aumento
81,2023-03-02,448,22,425.0,1275,Casa,4,2000,SP,3,426,Aumento
81,2023-04-01,480,32,438.75,1755,Casa,4,2000,SP,4,448,Aumento
81,2023-05-01,496,16,450.2,2251,Casa,4,2000,SP,5,480,Aumento
82,2023-01-01,274,23,274.0,274,Apartamento,1,3000,SP,1,251,Aumento
82,2023-01-31,276,2,275.0,550,Apartamento,1,3000,SP,2,274,Aumento
82,2023-03-02,278,2,276.0,828,Apartamento,1,3000,SP,3,276,Aumento
82,2023-04-01,304,26,283.0,1132,Apartamento,1,3000,SP,4,278,Aumento
82,2023-05-01,330,26,292.4,1462,Apartamento,1,3000,SP,5,304,Aumento
83,2023-01-01,460,17,460.0,460,Comércio,2,2000,RS,1,443,Aumento
83,2023-01-31,450,-10,455.0,910,Comércio,2,2000,RS,2,460,Diminuição
83,2023-03-02,452,2,454.0,1362,Comércio,2,2000,RS,3,450,Aumento
83,2023-04-01,458,6,455.0,1820,Comércio,2,2000,RS,4,452,Aumento
83,2023-05-01,474,16,458.8,2294,Comércio,2,2000,RS,5,458,Aumento
84,2023-01-01,579,35,579.0,579,Comércio,5,5000,RS,1,544,Aumento
84,2023-01-31,600,21,589.5,1179,Comércio,5,5000,RS,2,579,Aumento
84,2023-03-02,625,25,601.33,1804,Comércio,5,5000,RS,3,600,Aumento
84,2023-04-01,641,16,611.25,2445,Comércio,5,5000,RS,4,625,Aumento
84,2023-05-01,655,14,620.0,3100,Comércio,5,5000,RS,5,641,Aumento
85,2023-01-01,460,8,460.0,460,Comércio,3,7000,RS,1,452,Aumento
85,2023-01-31,462,2,461.0,922,Comércio,3,7000,RS,2,460,Aumento
85,2023-03-02,472,10,464.67,1394,Comércio,3,7000,RS,3,462,Aumento
85,2023-04-01,469,-3,465.75,1863,Comércio,3,7000,RS,4,472,Diminuição
85,2023-05-01,477,8,468.0,2340,Comércio,3,7000,RS,5,469,Aumento
86,2023-01-01,376,32,376.0,376,Apartamento,5,3000,MG,1,344,Aumento
86,2023-01-31,411,35,393.5,787,Apartamento,5,3000,MG,2,376,Aumento
86,2023-03-02,453,42,413.33,1240,Apartamento,5,3000,MG,3,411,Aumento
86,2023-04-01,483,30,430.75,1723,Apartamento,5,3000,MG,4,453,Aumento
86,2023-05-01,524,41,449.4,2247,Apartamento,5,3000,MG,5,483,Aumento
87,2023-01-01,210,8,210.0,210,Apartamento,1,7000,SP,1,202,Aumento
87,2023-01-31,218,8,214.0,428,Apartamento,1,7000,SP,2,210,Aumento
87,2023-03-02,229,11,219.0,657,Apartamento,1,7000,SP,3,218,Aumento
87,2023-04-01,240,11,224.25,897,Apartamento,1,7000,SP,4,229,Aumento
87,2023-05-01,270,30,233.4,1167,Apartamento,1,7000,SP,5,240,Aumento
88,2023-01-01,488,6,488.0,488,Comércio,2,2000,RS,1,482,Aumento
88,2023-01-31,495,7,491.5,983,Comércio,2,2000,RS,2,488,Aumento
88,2023-03-02,508,13,497.0,1491,Comércio,2,2000,RS,3,495,Aumento
88,2023-04-01,509,1,500.0,2000,Comércio,2,2000,RS,4,508,Aumento
88,2023-05-01,516,7,503.2,2516,Comércio,2,2000,RS,5,509,Aumento
89,2023-01-01,379,8,379.0,379,Casa,2,2000,SP,1,371,Aumento
89,2023-01-31,386,7,382.5,765,Casa,2,2000,SP,2,379,Aumento
89,2023-03-02,403,17,389.33,1168,Casa,2,2000,SP,3,386,Aumento
89,2023-04-01,411,8,394.75,1579,Casa,2,2000,SP,4,403,Aumento
89,2023-05-01,426,15,401.0,2005,Casa,2,2000,SP,5,411,Aumento
90,2023-01-01,257,44,257.0,257,Apartamento,4,6000,MG,1,213,Aumento
90,2023-01-31,292,35,274.5,549,Apartamento,4,6000,MG,2,257,Aumento
90,2023-03-02,307,15,285.33,856,Apartamento,4,6000,MG,3,292,Aumento
90,2023-04-01,334,27,297.5,1190,Apartamento,4,6000,MG,4,307,Aumento
90,2023-05-01,376,42,313.2,1566,Apartamento,4,6000,MG,5,334,Aumento
91,2023-01-01,328,-2,328.0,328,Apartamento,3,2000,RS,1,330,Diminuição
91,2023-01-31,323,-5,325.5,651,Apartamento,3,2000,RS,2,328,Diminuição
91,2023-03-02,322,-1,324.33,973,Apartamento,3,2000,RS,3,323,Diminuição
91,2023-04-01,317,-5,322.5,1290,Apartamento,3,2000,RS,4,322,Diminuição
91,2023-05-01,325,8,323.0,1615,Apartamento,3,2000,RS,5,317,Aumento
92,2023-01-01,552,-5,552.0,552,Comércio,1,3000,RJ,1,557,Diminuição
92,2023-01-31,554,2,553.0,1106,Comércio,1,3000,RJ,2,552,Aumento
92,2023-03-02,557,3,554.33,1663,Comércio,1,3000,RJ,3,554,Aumento
92,2023-04-01,553,-4,554.0,2216,Comércio,1,3000,RJ,4,557,Diminuição
92,2023-05-01,575,22,558.2,2791,Comércio,1,3000,RJ,5,553,Aumento
93,2023-01-01,306,19,306.0,306,Apartamento,5,2000,PR,1,287,Aumento
93,2023-01-31,327,21,316.5,633,Apartamento,5,2000,PR,2,306,Aumento
93,2023-03-02,358,31,330.33,991,Apartamento,5,2000,PR,3,327,Aumento
93,2023-04-01,389,31,345.0,1380,Apartamento,5,2000,PR,4,358,Aumento
93,2023-05-01,397,8,355.4,1777,Apartamento,5,2000,PR,5,389,Aumento
94,2023-01-01,469,25,469.0,469,Casa,2,5000,PR,1,444,Aumento
94,2023-01-31,507,38,488.0,976,Casa,2,5000,PR,2,469,Aumento
94,2023-03-02,547,40,507.67,1523,Casa,2,5000,PR,3,507,Aumento
94,2023-04-01,562,15,521.25,2085,Casa,2,5000,PR,4,547,Aumento
94,2023-05-01,567,5,530.4,2652,Casa,2,5000,PR,5,562,Aumento
95,2023-01-01,200,-1,200.0,200,Apartamento,1,5000,RJ,1,201,Diminuição
95,2023-01-31,222,22,211.0,422,Apartamento,1,5000,RJ,2,200,Aumento
95,2023-03-02,235,13,219.0,657,Apartamento,1,5000,RJ,3,222,Aumento
95,2023-04-01,232,-3,222.25,889,Apartamento,1,5000,RJ,4,235,Diminuição
95,2023-05-01,245,13,226.8,1134,Apartamento,1,5000,RJ,5,232,Aumento
96,2023-01-01,380,38,380.0,380,Casa,3,7000,MG,1,342,Aumento
96,2023-01-31,391,11,385.5,771,Casa,3,7000,MG,2,380,Aumento
96,2023-03-02,420,29,397.0,1191,Casa,3,7000,MG,3,391,Aumento
96,2023-04-01,438,18,407.25,1629,Casa,3,7000,MG,4,420,Aumento
96,2023-05-01,453,15,416.4,2082,Casa,3,7000,MG,5,438,Aumento
97,2023-01-01,568,4,568.0,568,Comércio,1,5000,BA,1,564,Aumento
97,2023-01-31,563,-5,565.5,1131,Comércio,1,5000,BA,2,568,Diminuição
97,2023-03-02,573,10,568.0,1704,Comércio,1,5000,BA,3,563,Aumento
97,2023-04-01,592,19,574.0,2296,Comércio,1,5000,BA,4,573,Aumento
97,2023-05-01,606,14,580.4,2902,Comércio,1,5000,BA,5,592,Aumento
98,2023-01-01,618,46,618.0,618,Comércio,5,7000,SP,1,572,Aumento
98,2023-01-31,640,22,629.0,1258,Comércio,5,7000,SP,2,618,Aumento
98,2023-03-02,666,26,641.33,1924,Comércio,5,7000,SP,3,640,Aumento
98,2023-04-01,701,35,656.25,2625,Comércio,5,7000,SP,4,666,Aumento
98,2023-05-01,740,39,673.0,3365,Comércio,5,7000,SP,5,701,Aumento
99,2023-01-01,425,35,425.0,425,Casa,3,7000,BA,1,390,Aumento
99,2023-01-31,470,45,447.5,895,Casa,3,7000,BA,2,425,Aumento
99,2023-03-02,511,41,468.67,1406,Casa,3,7000,BA,3,470,Aumento
99,2023-04-01,541,30,486.75,1947,Casa,3,7000,BA,4,511,Aumento
99,2023-05-01,583,42,506.0,2530,Casa,3,7000,BA,5,541,Aumento
100,2023-01-01,216,-6,216.0,216,Apartamento,2,7000,PR,1,222,Diminuição
100,2023-01-31,213,-3,214.5,429,Apartamento,2,7000,PR,2,216,Diminuição
100,2023-03-02,231,18,220.0,660,Apartamento,2,7000,PR,3,213,Aumento
100,2023-04-01,239,8,224.75,899,Apartamento,2,7000,PR,4,231,Aumento
100,2023-05-01,241,2,228.0,1140,Apartamento,2,7000,PR,5,239,Aumento
101,2023-01-01,350,22,350.0,350,Apartamento,1,2000,SP,1,328,Aumento
101,2023-01-31,358,8,354.0,708,Apartamento,1,2000,SP,2,350,Aumento
101,2023-03-02,385,27,364.33,1093,Apartamento,1,2000,SP,3,358,Aumento
101,2023-04-01,388,3,370.25,1481,Apartamento,1,2000,SP,4,385,Aumento
101,2023-05-01,416,28,379.4,1897,Apartamento,1,2000,SP,5,388,Aumento
102,2023-01-01,460,41,460.0,460,Casa,5,2000,MG,1,419,Aumento
102,2023-01-31,483,23,471.5,943,Casa,5,2000,MG,2,460,Aumento
102,2023-03-02,513,30,485.33,1456,Casa,5,2000,MG,3,483,Aumento
102,2023-04-01,553,40,502.25,2009,Casa,5,2000,MG,4,513,Aumento
102,2023-05-01,587,34,519.2,2596,Casa,5,2000,MG,5,553,Aumento
103,2023-01-01,554,32,554.0,554,Comércio,5,7000,SP,1,522,Aumento
103,2023-01-31,585,31,569.5,1139,Comércio,5,7000,SP,2,554,Aumento
103,2023-03-02,611,26,583.33,1750,Comércio,5,7000,SP,3,585,Aumento
103,2023-04-01,654,43,601.0,2404,Comércio,5,7000,SP,4,611,Aumento
103,2023-05-01,678,24,616.4,3082,Comércio,5,7000,SP,5,654,Aumento
104,2023-01-01,412,-4,412.0,412,Comércio,3,3000,PR,1,416,Diminuição
104,2023-01-31,417,5,414.5,829,Comércio,3,3000,PR,2,412,Aumento
104,2023-03-02,432,15,420.33,1261,Comércio,3,3000,PR,3,417,Aumento
104,2023-04-01,428,-4,422.25,1689,Comércio,3,3000,PR,4,432,Diminuição
104,2023-05-01,453,25,428.4,2142,Comércio,3,3000,PR,5,428,Aumento
105,2023-01-01,486,44,486.0,486,Casa,5,5000,PR,1,442,Aumento
105,2023-01-31,516,30,501.0,1002,Casa,5,5000,PR,2,486,Aumento
105,2023-03-02,535,19,512.33,1537,Casa,5,5000,PR,3,516,Aumento
105,2023-04-01,552,17,522.25,2089,Casa,5,5000,PR,4,535,Aumento
105,2023-05-01,600,48,537.8,2689,Casa,5,5000,PR,5,552,Aumento
106,2023-01-01,305,17,305.0,305,Apartamento,5,2000,PR,1,288,Aumento
106,2023-01-31,326,21,315.5,631,Apartamento,5,2000,PR,2,305,Aumento
106,2023-03-02,336,10,322.33,967,Apartamento,5,2000,PR,3,326,Aumento
106,2023-04-01,352,16,329.75,1319,Apartamento,5,2000,PR,4,336,Aumento
106,2023-05-01,386,34,341.0,1705,Apartamento,5,2000,PR,5,352,Aumento
107,2023-01-01,612,12,612.0,612,Comércio,2,7000,PR,1,600,Aumento
107,2023-01-31,611,-1,611.5,1223,Comércio,2,7000,PR,2,612,Diminuição
107,2023-03-02,604,-7,609.0,1827,Comércio,2,7000,PR,3,611,Diminuição
107,2023-04-01,601,-3,607.0,2428,Comércio,2,7000,PR,4,604,Diminuição
107,2023-05-01,621,20,609.8,3049,Comércio,2,7000,PR,5,601,Aumento
108,2023-01-01,564,-9,564.0,564,Comércio,2,4000,PR,1,573,Diminuição
108,2023-01-31,561,-3,562.5,1125,Comércio,2,4000,PR,2,564,Diminuição
108,2023-03-02,554,-7,559.67,1679,Comércio,2,4000,PR,3,561,Diminuição
108,2023-04-01,572,18,562.75,2251,Comércio,2,4000,PR,4,554,Aumento
108,2023-05-01,566,-6,563.4,2817,Comércio,2,4000,PR,5,572,Diminuição
109,2023-01-01,341,13,341.0,341,Apartamento,1,6000,RS,1,328,Aumento
109,2023-01-31,327,-14,334.0,668,Apartamento,1,6000,RS,2,341,Diminuição
109,2023-03-02,320,-7,329.33,988,Apartamento,1,6000,RS,3,327,Diminuição
109,2023-04-01,315,-5,325.75,1303,Apartamento,1,6000,RS,4,320,Diminuição
109,2023-05-01,317,2,324.0,1620,Apartamento,1,6000,RS,5,315,Aumento
110,2023-01-01,289,14,289.0,289,Apartamento,2,6000,SP,1,275,Aumento
110,2023-01-31,313,24,301.0,602,Apartamento,2,6000,SP,2,289,Aumento
110,2023-03-02,347,34,316.33,949,Apartamento,2,6000,SP,3,313,Aumento
110,2023-04-01,356,9,326.25,1305,Apartamento,2,6000,SP,4,347,Aumento
110,2023-05-01,363,7,333.6,1668,Apartamento,2,6000,SP,5,356,Aumento
111,2023-01-01,379,29,379.0,379,Casa,5,4000,RS,1,350,Aumento
111,2023-01-31,410,31,394.5,789,Casa,5,4000,RS,2,379,Aumento
111,2023-03-02,426,16,405.0,1215,Casa,5,4000,RS,3,410,Aumento
111,2023-04-01,444,18,414.75,1659,Casa,5,4000,RS,4,426,Aumento
111,2023-05-01,463,19,424.4,2122,Casa,5,4000,RS,5,444,Aumento
112,2023-01-01,569,38,569.0,569,Comércio,5,2000,MG,1,531,Aumento
112,2023-01-31,603,34,586.0,1172,Comércio,5,2000,MG,2,569,Aumento
112,2023-03-02,645,42,605.67,1817,Comércio,5,2000,MG,3,603,Aumento
112,2023-04-01,695,50,628.0,2512,Comércio,5,2000,MG,4,645,Aumento
112,2023-05-01,729,34,648.2,3241,Comércio,5,2000,MG,5,695,Aumento
113,2023-01-01,432,22,432.0,432,Comércio,4,3000,BA,1,410,Aumento
113,2023-01-31,467,35,449.5,899,Comércio,4,3000,BA,2,432,Aumento
113,2023-03-02,496,29,465.0,1395,Comércio,4,3000,BA,3,467,Aumento
113,2023-04-01,526,30,480.25,1921,Comércio,4,3000,BA,4,496,Aumento
113,2023-05-01,543,17,492.8,2464,Comércio,4,3000,BA,5,526,Aumento
114,2023-01-01,612,29,612.0,612,Comércio,3,5000,MG,1,583,Aumento
114,2023-01-31,639,27,625.5,1251,Comércio,3,5000,MG,2,612,Aumento
114,2023-03-02,671,32,640.67,1922,Comércio,3,5000,MG,3,639,Aumento
114,2023-04-01,695,24,654.25,2617,Comércio,3,5000,MG,4,671,Aumento
114,2023-05-01,732,37,669.8,3349,Comércio,3,5000,MG,5,695,Aumento
115,2023-01-01,404,59,404.0,404,Casa,4,7000,BA,1,345,Aumento
115,2023-01-31,460,56,432.0,864,Casa,4,7000,BA,2,404,Aumento
115,2023-03-02,491,31,451.67,1355,Casa,4,7000,BA,3,460,Aumento
115,2023-04-01,530,39,471.25,1885,Casa,4,7000,BA,4,491,Aumento
115,2023-05-01,584,54,493.8,2469,Casa,4,7000,BA,5,530,Aumento
116,2023-01-01,372,39,372.0,372,Apartamento,3,3000,SP,1,333,Aumento
116,2023-01-31,408,36,390.0,780,Apartamento,3,3000,SP,2,372,Aumento
116,2023-03-02,445,37,408.33,1225,Apartamento,3,3000,SP,3,408,Aumento
116,2023-04-01,474,29,424.75,1699,Apartamento,3,3000,SP,4,445,Aumento
116,2023-05-01,504,30,440.6,2203,Apartamento,3,3000,SP,5,474,Aumento
117,2023-01-01,326,24,326.0,326,Apartamento,4,3000,BA,1,302,Aumento
117,2023-01-31,364,38,345.0,690,Apartamento,4,3000,BA,2,326,Aumento
117,2023-03-02,379,15,356.33,1069,Apartamento,4,3000,BA,3,364,Aumento
117,2023-04-01,418,39,371.75,1487,Apartamento,4,3000,BA,4,379,Aumento
117,2023-05-01,447,29,386.8,1934,Apartamento,4,3000,BA,5,418,Aumento
118,2023-01-01,544,12,544.0,544,Comércio,4,5000,PR,1,532,Aumento
118,2023-01-31,571,27,557.5,1115,Comércio,4,5000,PR,2,544,Aumento
118,2023-03-02,585,14,566.67,1700,Comércio,4,5000,PR,3,571,Aumento
118,2023-04-01,606,21,576.5,2306,Comércio,4,5000,PR,4,585,Aumento
118,2023-05-01,622,16,585.6,2928,Comércio,4,5000,PR,5,606,Aumento
119,2023-01-01,278,6,278.0,278,Apartamento,2,2000,RJ,1,272,Aumento
119,2023-01-31,285,7,281.5,563,Apartamento,2,2000,RJ,2,278,Aumento
119,2023-03-02,303,18,288.67,866,Apartamento,2,2000,RJ,3,285,Aumento
119,2023-04-01,304,1,292.5,1170,Apartamento,2,2000,RJ,4,303,Aumento
119,2023-05-01,330,26,300.0,1500,Apartamento,2,2000,RJ,5,304,Aumento
120,2023-01-01,497,27,497.0,497,Comércio,3,4000,SP,1,470,Aumento
120,2023-01-31,521,24,509.0,1018,Comércio,3,4000,SP,2,497,Aumento
120,2023-03-02,548,27,522.0,1566,Comércio,3,4000,SP,3,521,Aumento
120,2023-04-01,579,31,536.25,2145,Comércio,3,4000,SP,4,548,Aumento
120,2023-05-01,589,10,546.8,2734,Comércio,3,4000,SP,5,579,Aumento
121,2023-01-01,272,0,272.0,272,Apartamento,1,2000,BA,1,272,Diminuição
121,2023-01-31,277,5,274.5,549,Apartamento,1,2000,BA,2,272,Aumento
121,2023-03-02,295,18,281.33,844,Apartamento,1,2000,BA,3,277,Aumento
121,2023-04-01,290,-5,283.5,1134,Apartamento,1,2000,BA,4,295,Diminuição
121,2023-05-01,288,-2,284.4,1422,Apartamento,1,2000,BA,5,290,Diminuição
122,2023-01-01,298,25,298.0,298,Apartamento,5,7000,BA,1,273,Aumento
122,2023-01-31,335,37,316.5,633,Apartamento,5,7000,BA,2,298,Aumento
122,2023-03-02,379,44,337.33,1012,Apartamento,5,7000,BA,3,335,Aumento
122,2023-04-01,415,36,356.75,1427,Apartamento,5,7000,BA,4,379,Aumento
122,2023-05-01,446,31,374.6,1873,Apartamento,5,7000,BA,5,415,Aumento
123,2023-01-01,502,24,502.0,502,Casa,1,7000,MG,1,478,Aumento
123,2023-01-31,516,14,509.0,1018,Casa,1,7000,MG,2,502,Aumento
123,2023-03-02,538,22,518.67,1556,Casa,1,7000,MG,3,516,Aumento
123,2023-04-01,558,20,528.5,2114,Casa,1,7000,MG,4,538,Aumento
123,2023-05-01,578,20,538.4,2692,Casa,1,7000,MG,5,558,Aumento
124,2023-01-01,603,20,603.0,603,Comércio,5,4000,MG,1,583,Aumento
124,2023-01-31,636,33,619.5,1239,Comércio,5,4000,MG,2,603,Aumento
124,2023-03-02,665,29,634.67,1904,Comércio,5,4000,MG,3,636,Aumento
124,2023-04-01,694,29,649.5,2598,Comércio,5,4000,MG,4,665,Aumento
124,2023-05-01,724,30,664.4,3322,Comércio,5,4000,MG,5,694,Aumento
125,2023-01-01,270,27,270.0,270,Apartamento,5,6000,PR,1,243,Aumento
125,2023-01-31,276,6,273.0,546,Apartamento,5,6000,PR,2,270,Aumento
125,2023-03-02,295,19,280.33,841,Apartamento,5,6000,PR,3,276,Aumento
125,2023-04-01,309,14,287.5,1150,Apartamento,5,6000,PR,4,295,Aumento
125,2023-05-01,332,23,296.4,1482,Apartamento,5,6000,PR,5,309,Aumento
126,2023-01-01,200,-6,200.0,200,Apartamento,2,2000,RS,1,206,Diminuição
126,2023-01-31,200,0,200.0,400,Apartamento,2,2000,RS,2,200,Diminuição
126,2023-03-02,200,0,200.0,600,Apartamento,2,2000,RS,3,200,Diminuição
126,2023-04-01,214,14,203.5,814,Apartamento,2,2000,RS,4,200,Aumento
126,2023-05-01,233,19,209.4,1047,Apartamento,2,2000,RS,5,214,Aumento
127,2023-01-01,561,24,561.0,561,Comércio,3,3000,PR,1,537,Aumento
127,2023-01-31,586,25,573.5,1147,Comércio,3,3000,PR,2,561,Aumento
127,2023-03-02,581,-5,576.0,1728,Comércio,3,3000,PR,3,586,Diminuição
127,2023-04-01,589,8,579.25,2317,Comércio,3,3000,PR,4,581,Aumento
127,2023-05-01,610,21,585.4,2927,Comércio,3,3000,PR,5,589,Aumento
128,2023-01-01,397,46,397.0,397,Casa,5,7000,PR,1,351,Aumento
128,2023-01-31,442,45,419.5,839,Casa,5,7000,PR,2,397,Aumento
128,2023-03-02,497,55,445.33,1336,Casa,5,7000,PR,3,442,Aumento
128,2023-04-01,533,36,467.25,1869,Casa,5,7000,PR,4,497,Aumento
128,2023-05-01,573,40,488.4,2442,Casa,5,7000,PR,5,533,Aumento
129,2023-01-01,510,21,510.0,510,Comércio,4,5000,PR,1,489,Aumento
129,2023-01-31,514,4,512.0,1024,Comércio,4,5000,PR,2,510,Aumento
129,2023-03-02,525,11,516.33,1549,Comércio,4,5000,PR,3,514,Aumento
129,2023-04-01,539,14,522.0,2088,Comércio,4,5000,PR,4,525,Aumento
129,2023-05-01,567,28,531.0,2655,Comércio,4,5000,PR,5,539,Aumento
130,2023-01-01,431,22,431.0,431,Comércio,3,7000,SP,1,409,Aumento
130,2023-01-31,442,11,436.5,873,Comércio,3,7000,SP,2,431,Aumento
130,2023-03-02,468,26,447.0,1341,Comércio,3,7000,SP,3,442,Aumento
130,2023-04-01,492,24,458.25,1833,Comércio,3,7000,SP,4,468,Aumento
130,2023-05-01,521,29,470.8,2354,Comércio,3,7000,SP,5,492,Aumento
131,2023-01-01,477,20,477.0,477,Comércio,1,5000,SP,1,457,Aumento
131,2023-01-31,482,5,479.5,959,Comércio,1,5000,SP,2,477,Aumento
131,2023-03-02,492,10,483.67,1451,Comércio,1,5000,SP,3,482,Aumento
131,2023-04-01,508,16,489.75,1959,Comércio,1,5000,SP,4,492,Aumento
131,2023-05-01,536,28,499.0,2495,Comércio,1,5000,SP,5,508,Aumento
132,2023-01-01,453,-7,453.0,453,Comércio,1,3000,RS,1,460,Diminuição
132,2023-01-31,439,-14,446.0,892,Comércio,1,3000,RS,2,453,Diminuição
132,2023-03-02,439,0,443.67,1331,Comércio,1,3000,RS,3,439,Diminuição
132,2023-04-01,425,-14,439.0,1756,Comércio,1,3000,RS,4,439,Diminuição
132,2023-05-01,426,1,436.4,2182,Comércio,1,3000,RS,5,425,Aumento
133,2023-01-01,539,23,539.0,539,Comércio,3,5000,RJ,1,516,Aumento
133,2023-01-31,574,35,556.5,1113,Comércio,3,5000,RJ,2,539,Aumento
133,2023-03-02,603,29,572.0,1716,Comércio,3,5000,RJ,3,574,Aumento
133,2023-04-01,632,29,587.0,2348,Comércio,3,5000,RJ,4,603,Aumento
133,2023-05-01,655,23,600.6,3003,Comércio,3,5000,RJ,5,632,Aumento
134,2023-01-01,266,-4,266.0,266,Apartamento,3,4000,PR,1,270,Diminuição
134,2023-01-31,264,-2,265.0,530,Apartamento,3,4000,PR,2,266,Diminuição
134,2023-03-02,281,17,270.33,811,Apartamento,3,4000,PR,3,264,Aumento
134,2023-04-01,285,4,274.0,1096,Apartamento,3,4000,PR,4,281,Aumento
134,2023-05-01,302,17,279.6,1398,Apartamento,3,4000,PR,5,285,Aumento
135,2023-01-01,333,18,333.0,333,Apartamento,4,2000,RJ,1,315,Aumento
135,2023-01-31,351,18,342.0,684,Apartamento,4,2000,RJ,2,333,Aumento
135,2023-03-02,380,29,354.67,1064,Apartamento,4,2000,RJ,3,351,Aumento
135,2023-04-01,400,20,366.0,1464,Apartamento,4,2000,RJ,4,380,Aumento
135,2023-05-01,438,38,380.4,1902,Apartamento,4,2000,RJ,5,400,Aumento
136,2023-01-01,509,35,509.0,509,Comércio,5,4000,SP,1,474,Aumento
136,2023-01-31,557,48,533.0,1066,Comércio,5,4000,SP,2,509,Aumento
136,2023-03-02,591,34,552.33,1657,Comércio,5,4000,SP,3,557,Aumento
136,2023-04-01,638,47,573.75,2295,Comércio,5,4000,SP,4,591,Aumento
136,2023-05-01,659,21,590.8,2954,Comércio,5,4000,SP,5,638,Aumento
137,2023-01-01,310,29,310.0,310,Apartamento,5,2000,MG,1,281,Aumento
137,2023-01-31,332,22,321.0,642,Apartamento,5,2000,MG,2,310,Aumento
137,2023-03-02,371,39,337.67,1013,Apartamento,5,2000,MG,3,332,Aumento
137,2023-04-01,406,35,354.75,1419,Apartamento,5,2000,MG,4,371,Aumento
137,2023-05-01,434,28,370.6,1853,Apartamento,5,2000,MG,5,406,Aumento
138,2023-01-01,435,18,435.0,435,Comércio,5,2000,RS,1,417,Aumento
138,2023-01-31,465,30,450.0,900,Comércio,5,2000,RS,2,435,Aumento
138,2023-03-02,483,18,461.0,1383,Comércio,5,2000,RS,3,465,Aumento
138,2023-04-01,494,11,469.25,1877,Comércio,5,2000,RS,4,483,Aumento
138,2023-05-01,511,17,477.6,2388,Comércio,5,2000,RS,5,494,Aumento
139,2023-01-01,500,40,500.0,500,Comércio,5,7000,RJ,1,460,Aumento
139,2023-01-31,520,20,510.0,1020,Comércio,5,7000,RJ,2,500,Aumento
139,2023-03-02,550,30,523.33,1570,Comércio,5,7000,RJ,3,520,Aumento
139,2023-04-01,574,24,536.0,2144,Comércio,5,7000,RJ,4,550,Aumento
139,2023-05-01,604,30,549.6,2748,Comércio,5,7000,RJ,5,574,Aumento
140,2023-01-01,541,13,541.0,541,Comércio,2,6000,SP,1,528,Aumento
140,2023-01-31,559,18,550.0,1100,Comércio,2,6000,SP,2,541,Aumento
140,2023-03-02,589,30,563.0,1689,Comércio,2,6000,SP,3,559,Aumento
140,2023-04-01,614,25,575.75,2303,Comércio,2,6000,SP,4,589,Aumento
140,2023-05-01,644,30,589.4,2947,Comércio,2,6000,SP,5,614,Aumento
141,2023-01-01,455,23,455.0,455,Casa,2,7000,RS,1,432,Aumento
141,2023-01-31,459,4,457.0,914,Casa,2,7000,RS,2,455,Aumento
141,2023-03-02,489,30,467.67,1403,Casa,2,7000,RS,3,459,Aumento
141,2023-04-01,521,32,481.0,1924,Casa,2,7000,RS,4,489,Aumento
141,2023-05-01,549,28,494.6,2473,Casa,2,7000,RS,5,521,Aumento
142,2023-01-01,466,0,466.0,466,Comércio,2,4000,RJ,1,466,Diminuição
142,2023-01-31,469,3,467.5,935,Comércio,2,4000,RJ,2,466,Aumento
142,2023-03-02,471,2,468.67,1406,Comércio,2,4000,RJ,3,469,Aumento
142,2023-04-01,476,5,470.5,1882,Comércio,2,4000,RJ,4,471,Aumento
142,2023-05-01,483,7,473.0,2365,Comércio,2,4000,RJ,5,476,Aumento
143,2023-01-01,242,-13,242.0,242,Apartamento,1,3000,RS,1,255,Diminuição
143,2023-01-31,244,2,243.0,486,Apartamento,1,3000,RS,2,242,Aumento
143,2023-03-02,234,-10,240.0,720,Apartamento,1,3000,RS,3,244,Diminuição
143,2023-04-01,247,13,241.75,967,Apartamento,1,3000,RS,4,234,Aumento
143,2023-05-01,238,-9,241.0,1205,Apartamento,1,3000,RS,5,247,Diminuição
144,2023-01-01,260,31,260.0,260,Apartamento,4,2000,SP,1,229,Aumento
144,2023-01-31,283,23,271.5,543,Apartamento,4,2000,SP,2,260,Aumento
144,2023-03-02,311,28,284.67,854,Apartamento,4,2000,SP,3,283,Aumento
144,2023-04-01,328,17,295.5,1182,Apartamento,4,2000,SP,4,311,Aumento
144,2023-05-01,353,25,307.0,1535,Apartamento,4,2000,SP,5,328,Aumento
145,2023-01-01,266,32,266.0,266,Apartamento,3,7000,MG,1,234,Aumento
145,2023-01-31,290,24,278.0,556,Apartamento,3,7000,MG,2,266,Aumento
145,2023-03-02,303,13,286.33,859,Apartamento,3,7000,MG,3,290,Aumento
145,2023-04-01,328,25,296.75,1187,Apartamento,3,7000,MG,4,303,Aumento
145,2023-05-01,358,30,309.0,1545,Apartamento,3,7000,MG,5,328,Aumento
146,2023-01-01,418,8,418.0,418,Casa,1,3000,SP,1,410,Aumento
146,2023-01-31,428,10,423.0,846,Casa,1,3000,SP,2,418,Aumento
146,2023-03-02,441,13,429.0,1287,Casa,1,3000,SP,3,428,Aumento
146,2023-04-01,458,17,436.25,1745,Casa,1,3000,SP,4,441,Aumento
146,2023-05-01,458,0,440.6,2203,Casa,1,3000,SP,5,458,Diminuição
147,2023-01-01,321,24,321.0,321,Apartamento,3,2000,SP,1,297,Aumento
147,2023-01-31,349,28,335.0,670,Apartamento,3,2000,SP,2,321,Aumento
147,2023-03-02,377,28,349.0,1047,Apartamento,3,2000,SP,3,349,Aumento
147,2023-04-01,396,19,360.75,1443,Apartamento,3,2000,SP,4,377,Aumento
147,2023-05-01,412,16,371.0,1855,Apartamento,3,2000,SP,5,396,Aumento
148,2023-01-01,332,33,332.0,332,Apartamento,2,2000,MG,1,299,Aumento
148,2023-01-31,359,27,345.5,691,Apartamento,2,2000,MG,2,332,Aumento
148,2023-03-02,374,15,355.0,1065,Apartamento,2,2000,MG,3,359,Aumento
148,2023-04-01,395,21,365.0,1460,Apartamento,2,2000,MG,4,374,Aumento
148,2023-05-01,407,12,373.4,1867,Apartamento,2,2000,MG,5,395,Aumento
149,2023-01-01,511,28,511.0,511,Comércio,4,4000,BA,1,483,Aumento
149,2023-01-31,545,34,528.0,1056,Comércio,4,4000,BA,2,511,Aumento
149,2023-03-02,579,34,545.0,1635,Comércio,4,4000,BA,3,545,Aumento
149,2023-04-01,618,39,563.25,2253,Comércio,4,4000,BA,4,579,Aumento
149,2023-05-01,651,33,580.8,2904,Comércio,4,4000,BA,5,618,Aumento
150,2023-01-01,318,-12,318.0,318,Apartamento,1,2000,RS,1,330,Diminuição
150,2023-01-31,324,6,321.0,642,Apartamento,1,2000,RS,2,318,Aumento
150,2023-03-02,318,-6,320.0,960,Apartamento,1,2000,RS,3,324,Diminuição
150,2023-04-01,333,15,323.25,1293,Apartamento,1,2000,RS,4,318,Aumento
150,2023-05-01,339,6,326.4,1632,Apartamento,1,2000,RS,5,333,Aumento
151,2023-01-01,531,35,531.0,531,Casa,2,7000,PR,1,496,Aumento
151,2023-01-31,557,26,544.0,1088,Casa,2,7000,PR,2,531,Aumento
151,2023-03-02,561,4,549.67,1649,Casa,2,7000,PR,3,557,Aumento
151,2023-04-01,585,24,558.5,2234,Casa,2,7000,PR,4,561,Aumento
151,2023-05-01,589,4,564.6,2823,Casa,2,7000,PR,5,585,Aumento
152,2023-01-01,487,31,487.0,487,Comércio,4,6000,SP,1,456,Aumento
152,2023-01-31,520,33,503.5,1007,Comércio,4,6000,SP,2,487,Aumento
152,2023-03-02,561,41,522.67,1568,Comércio,4,6000,SP,3,520,Aumento
152,2023-04-01,604,43,543.0,2172,Comércio,4,6000,SP,4,561,Aumento
152,2023-05-01,626,22,559.6,2798,Comércio,4,6000,SP,5,604,Aumento
153,2023-01-01,225,12,225.0,225,Apartamento,2,7000,SP,1,213,Aumento
153,2023-01-31,241,16,233.0,466,Apartamento,2,7000,SP,2,225,Aumento
153,2023-03-02,266,25,244.0,732,Apartamento,2,7000,SP,3,241,Aumento
153,2023-04-01,290,24,255.5,1022,Apartamento,2,7000,SP,4,266,Aumento
153,2023-05-01,300,10,264.4,1322,Apartamento,2,7000,SP,5,290,Aumento
154,2023-01-01,434,4,434.0,434,Casa,2,7000,RS,1,430,Aumento
154,2023-01-31,457,23,445.5,891,Casa,2,7000,RS,2,434,Aumento
154,2023-03-02,458,1,449.67,1349,Casa,2,7000,RS,3,457,Aumento
154,2023-04-01,466,8,453.75,1815,Casa,2,7000,RS,4,458,Aumento
154,2023-05-01,490,24,461.0,2305,Casa,2,7000,RS,5,466,Aumento
155,2023-01-01,242,19,242.0,242,Apartamento,2,4000,SP,1,223,Aumento
155,2023-01-31,270,28,256.0,512,Apartamento,2,4000,SP,2,242,Aumento
155,2023-03-02,277,7,263.0,789,Apartamento,2,4000,SP,3,270,Aumento
155,2023-04-01,303,26,273.0,1092,Apartamento,2,4000,SP,4,277,Aumento
155,2023-05-01,320,17,282.4,1412,Apartamento,2,4000,SP,5,303,Aumento
156,2023-01-01,525,16,525.0,525,Comércio,1,2000,RJ,1,509,Aumento
156,2023-01-31,526,1,525.5,1051,Comércio,1,2000,RJ,2,525,Aumento
156,2023-03-02,540,14,530.33,1591,Comércio,1,2000,RJ,3,526,Aumento
156,2023-04-01,556,16,536.75,2147,Comércio,1,2000,RJ,4,540,Aumento
156,2023-05-01,581,25,545.6,2728,Comércio,1,2000,RJ,5,556,Aumento
157,2023-01-01,251,30,251.0,251,Apartamento,1,7000,SP,1,221,Aumento
157,2023-01-31,267,16,259.0,518,Apartamento,1,7000,SP,2,251,Aumento
157,2023-03-02,275,8,264.33,793,Apartamento,1,7000,SP,3,267,Aumento
157,2023-04-01,292,17,271.25,1085,Apartamento,1,7000,SP,4,275,Aumento
157,2023-05-01,310,18,279.0,1395,Apartamento,1,7000,SP,5,292,Aumento
158,2023-01-01,554,11,554.0,554,Comércio,2,6000,PR,1,543,Aumento
158,2023-01-31,565,11,559.5,1119,Comércio,2,6000,PR,2,554,Aumento
158,2023-03-02,575,10,564.67,1694,Comércio,2,6000,PR,3,565,Aumento
158,2023-04-01,568,-7,565.5,2262,Comércio,2,6000,PR,4,575,Diminuição
158,2023-05-01,584,16,569.2,2846,Comércio,2,6000,PR,5,568,Aumento
159,2023-01-01,270,3,270.0,270,Apartamento,3,3000,RS,1,267,Aumento
159,2023-01-31,280,10,275.0,550,Apartamento,3,3000,RS,2,270,Aumento
159,2023-03-02,286,6,278.67,836,Apartamento,3,3000,RS,3,280,Aumento
159,2023-04-01,302,16,284.5,1138,Apartamento,3,3000,RS,4,286,Aumento
159,2023-05-01,307,5,289.0,1445,Apartamento,3,3000,RS,5,302,Aumento
160,2023-01-01,354,4,354.0,354,Casa,1,2000,MG,1,350,Aumento
160,2023-01-31,378,24,366.0,732,Casa,1,2000,MG,2,354,Aumento
160,2023-03-02,399,21,377.0,1131,Casa,1,2000,MG,3,378,Aumento
160,2023-04-01,428,29,389.75,1559,Casa,1,2000,MG,4,399,Aumento
160,2023-05-01,451,23,402.0,2010,Casa,1,2000,MG,5,428,Aumento
161,2023-01-01,417,26,417.0,417,Casa,4,5000,MG,1,391,Aumento
161,2023-01-31,437,20,427.0,854,Casa,4,5000,MG,2,417,Aumento
161,2023-03-02,452,15,435.33,1306,Casa,4,5000,MG,3,437,Aumento
161,2023-04-01,468,16,443.5,1774,Casa,4,5000,MG,4,452,Aumento
161,2023-05-01,504,36,455.6,2278,Casa,4,5000,MG,5,468,Aumento
162,2023-01-01,485,4,485.0,485,Comércio,3,3000,RS,1,481,Aumento
162,2023-01-31,482,-3,483.5,967,Comércio,3,3000,RS,2,485,Diminuição
162,2023-03-02,479,-3,482.0,1446,Comércio,3,3000,RS,3,482,Diminuição
162,2023-04-01,499,20,486.25,1945,Comércio,3,3000,RS,4,479,Aumento
162,2023-05-01,515,16,492.0,2460,Comércio,3,3000,RS,5,499,Aumento
163,2023-01-01,434,8,434.0,434,Comércio,1,2000,MG,1,426,Aumento
163,2023-01-31,446,12,440.0,880,Comércio,1,2000,MG,2,434,Aumento
163,2023-03-02,454,8,444.67,1334,Comércio,1,2000,MG,3,446,Aumento
163,2023-04-01,475,21,452.25,1809,Comércio,1,2000,MG,4,454,Aumento
163,2023-05-01,505,30,462.8,2314,Comércio,1,2000,MG,5,475,Aumento
164,2023-01-01,496,34,496.0,496,Comércio,5,2000,RS,1,462,Aumento
164,2023-01-31,531,35,513.5,1027,Comércio,5,2000,RS,2,496,Aumento
164,2023-03-02,551,20,526.0,1578,Comércio,5,2000,RS,3,531,Aumento
164,2023-04-01,570,19,537.0,2148,Comércio,5,2000,RS,4,551,Aumento
164,2023-05-01,579,9,545.4,2727,Comércio,5,2000,RS,5,570,Aumento
165,2023-01-01,320,2,320.0,320,Apartamento,1,5000,MG,1,318,Aumento
165,2023-01-31,350,30,335.0,670,Apartamento,1,5000,MG,2,320,Aumento
165,2023-03-02,378,28,349.33,1048,Apartamento,1,5000,MG,3,350,Aumento
165,2023-04-01,379,1,356.75,1427,Apartamento,1,5000,MG,4,378,Aumento
165,2023-05-01,405,26,366.4,1832,Apartamento,1,5000,MG,5,379,Aumento
166,2023-01-01,484,31,484.0,484,Comércio,4,6000,MG,1,453,Aumento
166,2023-01-31,514,30,499.0,998,Comércio,4,6000,MG,2,484,Aumento
166,2023-03-02,544,30,514.0,1542,Comércio,4,6000,MG,3,514,Aumento
166,2023-04-01,566,22,527.0,2108,Comércio,4,6000,MG,4,544,Aumento
166,2023-05-01,606,40,542.8,2714,Comércio,4,6000,MG,5,566,Aumento
167,2023-01-01,501,29,501.0,501,Comércio,4,4000,BA,1,472,Aumento
167,2023-01-31,540,39,520.5,1041,Comércio,4,4000,BA,2,501,Aumento
167,2023-03-02,580,40,540.33,1621,Comércio,4,4000,BA,3,540,Aumento
167,2023-04-01,594,14,553.75,2215,Comércio,4,4000,BA,4,580,Aumento
167,2023-05-01,623,29,567.6,2838,Comércio,4,4000,BA,5,594,Aumento
168,2023-01-01,601,31,601.0,601,Comércio,4,4000,RJ,1,570,Aumento
168,2023-01-31,640,39,620.5,1241,Comércio,4,4000,RJ,2,601,Aumento
168,2023-03-02,671,31,637.33,1912,Comércio,4,4000,RJ,3,640,Aumento
168,2023-04-01,698,27,652.5,2610,Comércio,4,4000,RJ,4,671,Aumento
168,2023-05-01,710,12,664.0,3320,Comércio,4,4000,RJ,5,698,Aumento
169,2023-01-01,361,23,361.0,361,Apartamento,4,2000,RS,1,338,Aumento
169,2023-01-31,388,27,374.5,749,Apartamento,4,2000,RS,2,361,Aumento
169,2023-03-02,414,26,387.67,1163,Apartamento,4,2000,RS,3,388,Aumento
169,2023-04-01,426,12,397.25,1589,Apartamento,4,2000,RS,4,414,Aumento
169,2023-05-01,436,10,405.0,2025,Apartamento,4,2000,RS,5,426,Aumento
170,2023-01-01,544,20,544.0,544,Comércio,2,3000,BA,1,524,Aumento
170,2023-01-31,559,15,551.5,1103,Comércio,2,3000,BA,2,544,Aumento
170,2023-03-02,561,2,554.67,1664,Comércio,2,3000,BA,3,559,Aumento
170,2023-04-01,584,23,562.0,2248,Comércio,2,3000,BA,4,561,Aumento
170,2023-05-01,595,11,568.6,2843,Comércio,2,3000,BA,5,584,Aumento
171,2023-01-01,265,28,265.0,265,Apartamento,4,3000,BA,1,237,Aumento
171,2023-01-31,290,25,277.5,555,Apartamento,4,3000,BA,2,265,Aumento
171,2023-03-02,300,10,285.0,855,Apartamento,4,3000,BA,3,290,Aumento
171,2023-04-01,326,26,295.25,1181,Apartamento,4,3000,BA,4,300,Aumento
171,2023-05-01,359,33,308.0,1540,Apartamento,4,3000,BA,5,326,Aumento
172,2023-01-01,483,29,483.0,483,Casa,5,6000,PR,1,454,Aumento
172,2023-01-31,529,46,506.0,1012,Casa,5,6000,PR,2,483,Aumento
172,2023-03-02,570,41,527.33,1582,Casa,5,6000,PR,3,529,Aumento
172,2023-04-01,619,49,550.25,2201,Casa,5,6000,PR,4,570,Aumento
172,2023-05-01,650,31,570.2,2851,Casa,5,6000,PR,5,619,Aumento
173,2023-01-01,477,0,477.0,477,Comércio,1,4000,SP,1,477,Diminuição
173,2023-01-31,477,0,477.0,954,Comércio,1,4000,SP,2,477,Diminuição
173,2023-03-02,501,24,485.0,1455,Comércio,1,4000,SP,3,477,Aumento
173,2023-04-01,501,0,489.0,1956,Comércio,1,4000,SP,4,501,Diminuição
173,2023-05-01,523,22,495.8,2479,Comércio,1,4000,SP,5,501,Aumento
174,2023-01-01,604,14,604.0,604,Comércio,4,3000,BA,1,590,Aumento
174,2023-01-31,634,30,619.0,1238,Comércio,4,3000,BA,2,604,Aumento
174,2023-03-02,656,22,631.33,1894,Comércio,4,3000,BA,3,634,Aumento
174,2023-04-01,691,35,646.25,2585,Comércio,4,3000,BA,4,656,Aumento
174,2023-05-01,724,33,661.8,3309,Comércio,4,3000,BA,5,691,Aumento
175,2023-01-01,301,12,301.0,301,Apartamento,3,4000,BA,1,289,Aumento
175,2023-01-31,327,26,314.0,628,Apartamento,3,4000,BA,2,301,Aumento
175,2023-03-02,344,17,324.0,972,Apartamento,3,4000,BA,3,327,Aumento
175,2023-04-01,365,21,334.25,1337,Apartamento,3,4000,BA,4,344,Aumento
175,2023-05-01,390,25,345.4,1727,Apartamento,3,4000,BA,5,365,Aumento
176,2023-01-01,446,30,446.0,446,Comércio,3,6000,SP,1,416,Aumento
176,2023-01-31,481,35,463.5,927,Comércio,3,6000,SP,2,446,Aumento
176,2023-03-02,495,14,474.0,1422,Comércio,3,6000,SP,3,481,Aumento
176,2023-04-01,524,29,486.5,1946,Comércio,3,6000,SP,4,495,Aumento
176,2023-05-01,534,10,496.0,2480,Comércio,3,6000,SP,5,524,Aumento
177,2023-01-01,442,61,442.0,442,Casa,5,7000,RJ,1,381,Aumento
177,2023-01-31,504,62,473.0,946,Casa,5,7000,RJ,2,442,Aumento
177,2023-03-02,541,37,495.67,1487,Casa,5,7000,RJ,3,504,Aumento
177,2023-04-01,581,40,517.0,2068,Casa,5,7000,RJ,4,541,Aumento
177,2023-05-01,639,58,541.4,2707,Casa,5,7000,RJ,5,581,Aumento
178,2023-01-01,294,11,294.0,294,Apartamento,3,4000,BA,1,283,Aumento
178,2023-01-31,326,32,310.0,620,Apartamento,3,4000,BA,2,294,Aumento
178,2023-03-02,353,27,324.33,973,Apartamento,3,4000,BA,3,326,Aumento
178,2023-04-01,363,10,334.0,1336,Apartamento,3,4000,BA,4,353,Aumento
178,2023-05-01,385,22,344.2,1721,Apartamento,3,4000,BA,5,363,Aumento
179,2023-01-01,398,32,398.0,398,Casa,4,7000,RS,1,366,Aumento
179,2023-01-31,421,23,409.5,819,Casa,4,7000,RS,2,398,Aumento
179,2023-03-02,455,34,424.67,1274,Casa,4,7000,RS,3,421,Aumento
179,2023-04-01,484,29,439.5,1758,Casa,4,7000,RS,4,455,Aumento
179,2023-05-01,509,25,453.4,2267,Casa,4,7000,RS,5,484,Aumento
180,2023-01-01,375,30,375.0,375,Casa,2,3000,RJ,1,345,Aumento
180,2023-01-31,397,22,386.0,772,Casa,2,3000,RJ,2,375,Aumento
180,2023-03-02,447,50,406.33,1219,Casa,2,3000,RJ,3,397,Aumento
180,2023-04-01,476,29,423.75,1695,Casa,2,3000,RJ,4,447,Aumento
180,2023-05-01,522,46,443.4,2217,Casa,2,3000,RJ,5,476,Aumento
181,2023-01-01,437,21,437.0,437,Casa,5,2000,MG,1,416,Aumento
181,2023-01-31,473,36,455.0,910,Casa,5,2000,MG,2,437,Aumento
181,2023-03-02,522,49,477.33,1432,Casa,5,2000,MG,3,473,Aumento
181,2023-04-01,553,31,496.25,1985,Casa,5,2000,MG,4,522,Aumento
181,2023-05-01,594,41,515.8,2579,Casa,5,2000,MG,5,553,Aumento
182,2023-01-01,356,37,356.0,356,Casa,5,7000,PR,1,319,Aumento
182,2023-01-31,408,52,382.0,764,Casa,5,7000,PR,2,356,Aumento
182,2023-03-02,456,48,406.67,1220,Casa,5,7000,PR,3,408,Aumento
182,2023-04-01,497,41,429.25,1717,Casa,5,7000,PR,4,456,Aumento
182,2023-05-01,520,23,447.4,2237,Casa,5,7000,PR,5,497,Aumento
183,2023-01-01,325,35,325.0,325,Apartamento,4,5000,BA,1,290,Aumento
183,2023-01-31,336,11,330.5,661,Apartamento,4,5000,BA,2,325,Aumento
183,2023-03-02,362,26,341.0,1023,Apartamento,4,5000,BA,3,336,Aumento
183,2023-04-01,396,34,354.75,1419,Apartamento,4,5000,BA,4,362,Aumento
183,2023-05-01,416,20,367.0,1835,Apartamento,4,5000,BA,5,396,Aumento
184,2023-01-01,428,39,428.0,428,Casa,4,2000,RJ,1,389,Aumento
184,2023-01-31,477,49,452.5,905,Casa,4,2000,RJ,2,428,Aumento
184,2023-03-02,510,33,471.67,1415,Casa,4,2000,RJ,3,477,Aumento
184,2023-04-01,565,55,495.0,1980,Casa,4,2000,RJ,4,510,Aumento
184,2023-05-01,606,41,517.2,2586,Casa,4,2000,RJ,5,565,Aumento
185,2023-01-01,361,26,361.0,361,Apartamento,3,6000,MG,1,335,Aumento
185,2023-01-31,376,15,368.5,737,Apartamento,3,6000,MG,2,361,Aumento
185,2023-03-02,401,25,379.33,1138,Apartamento,3,6000,MG,3,376,Aumento
185,2023-04-01,419,18,389.25,1557,Apartamento,3,6000,MG,4,401,Aumento
185,2023-05-01,432,13,397.8,1989,Apartamento,3,6000,MG,5,419,Aumento
186,2023-01-01,344,45,344.0,344,Apartamento,5,6000,MG,1,299,Aumento
186,2023-01-31,391,47,367.5,735,Apartamento,5,6000,MG,2,344,Aumento
186,2023-03-02,418,27,384.33,1153,Apartamento,5,6000,MG,3,391,Aumento
186,2023-04-01,446,28,399.75,1599,Apartamento,5,6000,MG,4,418,Aumento
186,2023-05-01,487,41,417.2,2086,Apartamento,5,6000,MG,5,446,Aumento
187,2023-01-01,330,10,330.0,330,Apartamento,2,2000,MG,1,320,Aumento
187,2023-01-31,349,19,339.5,679,Apartamento,2,2000,MG,2,330,Aumento
187,2023-03-02,381,32,353.33,1060,Apartamento,2,2000,MG,3,349,Aumento
187,2023-04-01,415,34,368.75,1475,Apartamento,2,2000,MG,4,381,Aumento
187,2023-05-01,444,29,383.8,1919,Apartamento,2,2000,MG,5,415,Aumento
188,2023-01-01,467,22,467.0,467,Comércio,3,7000,MG,1,445,Aumento
188,2023-01-31,505,38,486.0,972,Comércio,3,7000,MG,2,467,Aumento
188,2023-03-02,539,34,503.67,1511,Comércio,3,7000,MG,3,505,Aumento
188,2023-04-01,565,26,519.0,2076,Comércio,3,7000,MG,4,539,Aumento
188,2023-05-01,595,30,534.2,2671,Comércio,3,7000,MG,5,565,Aumento
189,2023-01-01,535,16,535.0,535,Comércio,3,2000,RS,1,519,Aumento
189,2023-01-31,560,25,547.5,1095,Comércio,3,2000,RS,2,535,Aumento
189,2023-03-02,564,4,553.0,1659,Comércio,3,2000,RS,3,560,Aumento
189,2023-04-01,579,15,559.5,2238,Comércio,3,2000,RS,4,564,Aumento
189,2023-05-01,584,5,564.4,2822,Comércio,3,2000,RS,5,579,Aumento
190,2023-01-01,229,27,229.0,229,Apartamento,4,2000,BA,1,202,Aumento
190,2023-01-31,268,39,248.5,497,Apartamento,4,2000,BA,2,229,Aumento
190,2023-03-02,284,16,260.33,781,Apartamento,4,2000,BA,3,268,Aumento
190,2023-04-01,310,26,272.75,1091,Apartamento,4,2000,BA,4,284,Aumento
190,2023-05-01,326,16,283.4,1417,Apartamento,4,2000,BA,5,310,Aumento
191,2023-01-01,460,20,460.0,460,Comércio,5,3000,PR,1,440,Aumento
191,2023-01-31,475,15,467.5,935,Comércio,5,3000,PR,2,460,Aumento
191,2023-03-02,483,8,472.67,1418,Comércio,5,3000,PR,3,475,Aumento
191,2023-04-01,502,19,480.0,1920,Comércio,5,3000,PR,4,483,Aumento
191,2023-05-01,509,7,485.8,2429,Comércio,5,3000,PR,5,502,Aumento
192,2023-01-01,271,9,271.0,271,Apartamento,3,4000,BA,1,262,Aumento
192,2023-01-31,295,24,283.0,566,Apartamento,3,4000,BA,2,271,Aumento
192,2023-03-02,305,10,290.33,871,Apartamento,3,4000,BA,3,295,Aumento
192,2023-04-01,325,20,299.0,1196,Apartamento,3,4000,BA,4,305,Aumento
192,2023-05-01,356,31,310.4,1552,Apartamento,3,4000,BA,5,325,Aumento
193,2023-01-01,339,33,339.0,339,Casa,3,2000,RS,1,306,Aumento
193,2023-01-31,348,9,343.5,687,Casa,3,2000,RS,2,339,Aumento
193,2023-03-02,389,41,358.67,1076,Casa,3,2000,RS,3,348,Aumento
193,2023-04-01,416,27,373.0,1492,Casa,3,2000,RS,4,389,Aumento
193,2023-05-01,421,5,382.6,1913,Casa,3,2000,RS,5,416,Aumento
194,2023-01-01,263,36,263.0,263,Apartamento,3,7000,SP,1,227,Aumento
194,2023-01-31,296,33,279.5,559,Apartamento,3,7000,SP,2,263,Aumento
194,2023-03-02,328,32,295.67,887,Apartamento,3,7000,SP,3,296,Aumento
194,2023-04-01,365,37,313.0,1252,Apartamento,3,7000,SP,4,328,Aumento
194,2023-05-01,382,17,326.8,1634,Apartamento,3,7000,SP,5,365,Aumento
195,2023-01-01,331,0,331.0,331,Apartamento,4,4000,RS,1,331,Diminuição
195,2023-01-31,346,15,338.5,677,Apartamento,4,4000,RS,2,331,Aumento
195,2023-03-02,369,23,348.67,1046,Apartamento,4,4000,RS,3,346,Aumento
195,2023-04-01,377,8,355.75,1423,Apartamento,4,4000,RS,4,369,Aumento
195,2023-05-01,377,0,360.0,1800,Apartamento,4,4000,RS,5,377,Diminuição
196,2023-01-01,566,15,566.0,566,Comércio,4,4000,PR,1,551,Aumento
196,2023-01-31,584,18,575.0,1150,Comércio,4,4000,PR,2,566,Aumento
196,2023-03-02,601,17,583.67,1751,Comércio,4,4000,PR,3,584,Aumento
196,2023-04-01,610,9,590.25,2361,Comércio,4,4000,PR,4,601,Aumento
196,2023-05-01,637,27,599.6,2998,Comércio,4,4000,PR,5,610,Aumento
197,2023-01-01,537,15,537.0,537,Comércio,4,7000,SP,1,522,Aumento
197,2023-01-31,564,27,550.5,1101,Comércio,4,7000,SP,2,537,Aumento
197,2023-03-02,586,22,562.33,1687,Comércio,4,7000,SP,3,564,Aumento
197,2023-04-01,628,42,578.75,2315,Comércio,4,7000,SP,4,586,Aumento
197,2023-05-01,668,40,596.6,2983,Comércio,4,7000,SP,5,628,Aumento
198,2023-01-01,302,20,302.0,302,Apartamento,2,5000,RS,1,282,Aumento
198,2023-01-31,311,9,306.5,613,Apartamento,2,5000,RS,2,302,Aumento
198,2023-03-02,321,10,311.33,934,Apartamento,2,5000,RS,3,311,Aumento
198,2023-04-01,313,-8,311.75,1247,Apartamento,2,5000,RS,4,321,Diminuição
198,2023-05-01,312,-1,311.8,1559,Apartamento,2,5000,RS,5,313,Diminuição
199,2023-01-01,515,53,515.0,515,Casa,5,7000,RJ,1,462,Aumento
199,2023-01-31,570,55,542.5,1085,Casa,5,7000,RJ,2,515,Aumento
199,2023-03-02,628,58,571.0,1713,Casa,5,7000,RJ,3,570,Aumento
199,2023-04-01,669,41,595.5,2382,Casa,5,7000,RJ,4,628,Aumento
199,2023-05-01,731,62,622.6,3113,Casa,5,7000,RJ,5,669,Aumento
200,2023-01-01,560,22,560.0,560,Comércio,5,2000,RJ,1,538,Aumento
200,2023-01-31,599,39,579.5,1159,Comércio,5,2000,RJ,2,560,Aumento
200,2023-03-02,614,15,591.0,1773,Comércio,5,2000,RJ,3,599,Aumento
200,2023-04-01,644,30,604.25,2417,Comércio,5,2000,RJ,4,614,Aumento
200,2023-05-01,670,26,617.4,3087,Comércio,5,2000,RJ,5,644,Aumento
